tool_generator_000001,examplepassword
tool_generator_000002,examplepassword
tool_generator_000003,examplepassword
tool_generator_000004,examplepassword
tool_generator_000005,examplepassword
tool_generator_000006,examplepassword
tool_generator_000007,examplepassword
tool_generator_000008,examplepassword
tool_generator_000009,examplepassword
tool_generator_000010,examplepassword
tool_generator_000011,examplepassword
tool_generator_000012,examplepassword
tool_generator_000013,examplepassword
tool_generator_000014,examplepassword
tool_generator_000015,examplepassword
tool_generator_000016,examplepassword
tool_generator_000017,examplepassword
tool_generator_000018,examplepassword
tool_generator_000019,examplepassword
tool_generator_000020,examplepassword
tool_generator_000021,examplepassword
tool_generator_000022,examplepassword
tool_generator_000023,examplepassword
tool_generator_000024,examplepassword
tool_generator_000025,examplepassword
tool_generator_000026,examplepassword
tool_generator_000027,examplepassword
tool_generator_000028,examplepassword
tool_generator_000029,examplepassword
tool_generator_000030,examplepassword
tool_generator_000031,examplepassword
tool_generator_000032,examplepassword
tool_generator_000033,examplepassword
tool_generator_000034,examplepassword
tool_generator_000035,examplepassword
tool_generator_000036,examplepassword
tool_generator_000037,examplepassword
tool_generator_000038,examplepassword
tool_generator_000039,examplepassword
tool_generator_000040,examplepassword
tool_generator_000041,examplepassword
tool_generator_000042,examplepassword
tool_generator_000043,examplepassword
tool_generator_000044,examplepassword
tool_generator_000045,examplepassword
tool_generator_000046,examplepassword
tool_generator_000047,examplepassword
tool_generator_000048,examplepassword
tool_generator_000049,examplepassword
tool_generator_000050,examplepassword
tool_generator_000051,examplepassword
tool_generator_000052,examplepassword
tool_generator_000053,examplepassword
tool_generator_000054,examplepassword
tool_generator_000055,examplepassword
tool_generator_000056,examplepassword
tool_generator_000057,examplepassword
tool_generator_000058,examplepassword
tool_generator_000059,examplepassword
tool_generator_000060,examplepassword
tool_generator_000061,examplepassword
tool_generator_000062,examplepassword
tool_generator_000063,examplepassword
tool_generator_000064,examplepassword
tool_generator_000065,examplepassword
tool_generator_000066,examplepassword
tool_generator_000067,examplepassword
tool_generator_000068,examplepassword
tool_generator_000069,examplepassword
tool_generator_000070,examplepassword
tool_generator_000071,examplepassword
tool_generator_000072,examplepassword
tool_generator_000073,examplepassword
tool_generator_000074,examplepassword
tool_generator_000075,examplepassword
tool_generator_000076,examplepassword
tool_generator_000077,examplepassword
tool_generator_000078,examplepassword
tool_generator_000079,examplepassword
tool_generator_000080,examplepassword
tool_generator_000081,examplepassword
tool_generator_000082,examplepassword
tool_generator_000083,examplepassword
tool_generator_000084,examplepassword
tool_generator_000085,examplepassword
tool_generator_000086,examplepassword
tool_generator_000087,examplepassword
tool_generator_000088,examplepassword
tool_generator_000089,examplepassword
tool_generator_000090,examplepassword
tool_generator_000091,examplepassword
tool_generator_000092,examplepassword
tool_generator_000093,examplepassword
tool_generator_000094,examplepassword
tool_generator_000095,examplepassword
tool_generator_000096,examplepassword
tool_generator_000097,examplepassword
tool_generator_000098,examplepassword
tool_generator_000099,examplepassword
tool_generator_000100,examplepassword