tool_generator_000001,testpassword
tool_generator_000002,testpassword
tool_generator_000003,testpassword
tool_generator_000004,testpassword
tool_generator_000005,testpassword
tool_generator_000006,testpassword
tool_generator_000007,testpassword
tool_generator_000008,testpassword
tool_generator_000009,testpassword
tool_generator_000010,testpassword
tool_generator_000011,testpassword
tool_generator_000012,testpassword
tool_generator_000013,testpassword
tool_generator_000014,testpassword
tool_generator_000015,testpassword
tool_generator_000016,testpassword
tool_generator_000017,testpassword
tool_generator_000018,testpassword
tool_generator_000019,testpassword
tool_generator_000020,testpassword
tool_generator_000021,testpassword
tool_generator_000022,testpassword
tool_generator_000023,testpassword
tool_generator_000024,testpassword
tool_generator_000025,testpassword
tool_generator_000026,testpassword
tool_generator_000027,testpassword
tool_generator_000028,testpassword
tool_generator_000029,testpassword
tool_generator_000030,testpassword
tool_generator_000031,testpassword
tool_generator_000032,testpassword
tool_generator_000033,testpassword
tool_generator_000034,testpassword
tool_generator_000035,testpassword
tool_generator_000036,testpassword
tool_generator_000037,testpassword
tool_generator_000038,testpassword
tool_generator_000039,testpassword
tool_generator_000040,testpassword
tool_generator_000041,testpassword
tool_generator_000042,testpassword
tool_generator_000043,testpassword
tool_generator_000044,testpassword
tool_generator_000045,testpassword
tool_generator_000046,testpassword
tool_generator_000047,testpassword
tool_generator_000048,testpassword
tool_generator_000049,testpassword
tool_generator_000050,testpassword
tool_generator_000051,testpassword
tool_generator_000052,testpassword
tool_generator_000053,testpassword
tool_generator_000054,testpassword
tool_generator_000055,testpassword
tool_generator_000056,testpassword
tool_generator_000057,testpassword
tool_generator_000058,testpassword
tool_generator_000059,testpassword
tool_generator_000060,testpassword
tool_generator_000061,testpassword
tool_generator_000062,testpassword
tool_generator_000063,testpassword
tool_generator_000064,testpassword
tool_generator_000065,testpassword
tool_generator_000066,testpassword
tool_generator_000067,testpassword
tool_generator_000068,testpassword
tool_generator_000069,testpassword
tool_generator_000070,testpassword
tool_generator_000071,testpassword
tool_generator_000072,testpassword
tool_generator_000073,testpassword
tool_generator_000074,testpassword
tool_generator_000075,testpassword
tool_generator_000076,testpassword
tool_generator_000077,testpassword
tool_generator_000078,testpassword
tool_generator_000079,testpassword
tool_generator_000080,testpassword
tool_generator_000081,testpassword
tool_generator_000082,testpassword
tool_generator_000083,testpassword
tool_generator_000084,testpassword
tool_generator_000085,testpassword
tool_generator_000086,testpassword
tool_generator_000087,testpassword
tool_generator_000088,testpassword
tool_generator_000089,testpassword
tool_generator_000090,testpassword
tool_generator_000091,testpassword
tool_generator_000092,testpassword
tool_generator_000093,testpassword
tool_generator_000094,testpassword
tool_generator_000095,testpassword
tool_generator_000096,testpassword
tool_generator_000097,testpassword
tool_generator_000098,testpassword
tool_generator_000099,testpassword
tool_generator_000100,testpassword
tool_generator_000101,testpassword
tool_generator_000102,testpassword
tool_generator_000103,testpassword
tool_generator_000104,testpassword
tool_generator_000105,testpassword
tool_generator_000106,testpassword
tool_generator_000107,testpassword
tool_generator_000108,testpassword
tool_generator_000109,testpassword
tool_generator_000110,testpassword
tool_generator_000111,testpassword
tool_generator_000112,testpassword
tool_generator_000113,testpassword
tool_generator_000114,testpassword
tool_generator_000115,testpassword
tool_generator_000116,testpassword
tool_generator_000117,testpassword
tool_generator_000118,testpassword
tool_generator_000119,testpassword
tool_generator_000120,testpassword
tool_generator_000121,testpassword
tool_generator_000122,testpassword
tool_generator_000123,testpassword
tool_generator_000124,testpassword
tool_generator_000125,testpassword
tool_generator_000126,testpassword
tool_generator_000127,testpassword
tool_generator_000128,testpassword
tool_generator_000129,testpassword
tool_generator_000130,testpassword
tool_generator_000131,testpassword
tool_generator_000132,testpassword
tool_generator_000133,testpassword
tool_generator_000134,testpassword
tool_generator_000135,testpassword
tool_generator_000136,testpassword
tool_generator_000137,testpassword
tool_generator_000138,testpassword
tool_generator_000139,testpassword
tool_generator_000140,testpassword
tool_generator_000141,testpassword
tool_generator_000142,testpassword
tool_generator_000143,testpassword
tool_generator_000144,testpassword
tool_generator_000145,testpassword
tool_generator_000146,testpassword
tool_generator_000147,testpassword
tool_generator_000148,testpassword
tool_generator_000149,testpassword
tool_generator_000150,testpassword
tool_generator_000151,testpassword
tool_generator_000152,testpassword
tool_generator_000153,testpassword
tool_generator_000154,testpassword
tool_generator_000155,testpassword
tool_generator_000156,testpassword
tool_generator_000157,testpassword
tool_generator_000158,testpassword
tool_generator_000159,testpassword
tool_generator_000160,testpassword
tool_generator_000161,testpassword
tool_generator_000162,testpassword
tool_generator_000163,testpassword
tool_generator_000164,testpassword
tool_generator_000165,testpassword
tool_generator_000166,testpassword
tool_generator_000167,testpassword
tool_generator_000168,testpassword
tool_generator_000169,testpassword
tool_generator_000170,testpassword
tool_generator_000171,testpassword
tool_generator_000172,testpassword
tool_generator_000173,testpassword
tool_generator_000174,testpassword
tool_generator_000175,testpassword
tool_generator_000176,testpassword
tool_generator_000177,testpassword
tool_generator_000178,testpassword
tool_generator_000179,testpassword
tool_generator_000180,testpassword
tool_generator_000181,testpassword
tool_generator_000182,testpassword
tool_generator_000183,testpassword
tool_generator_000184,testpassword
tool_generator_000185,testpassword
tool_generator_000186,testpassword
tool_generator_000187,testpassword
tool_generator_000188,testpassword
tool_generator_000189,testpassword
tool_generator_000190,testpassword
tool_generator_000191,testpassword
tool_generator_000192,testpassword
tool_generator_000193,testpassword
tool_generator_000194,testpassword
tool_generator_000195,testpassword
tool_generator_000196,testpassword
tool_generator_000197,testpassword
tool_generator_000198,testpassword
tool_generator_000199,testpassword
tool_generator_000200,testpassword
tool_generator_000201,testpassword
tool_generator_000202,testpassword
tool_generator_000203,testpassword
tool_generator_000204,testpassword
tool_generator_000205,testpassword
tool_generator_000206,testpassword
tool_generator_000207,testpassword
tool_generator_000208,testpassword
tool_generator_000209,testpassword
tool_generator_000210,testpassword
tool_generator_000211,testpassword
tool_generator_000212,testpassword
tool_generator_000213,testpassword
tool_generator_000214,testpassword
tool_generator_000215,testpassword
tool_generator_000216,testpassword
tool_generator_000217,testpassword
tool_generator_000218,testpassword
tool_generator_000219,testpassword
tool_generator_000220,testpassword
tool_generator_000221,testpassword
tool_generator_000222,testpassword
tool_generator_000223,testpassword
tool_generator_000224,testpassword
tool_generator_000225,testpassword
tool_generator_000226,testpassword
tool_generator_000227,testpassword
tool_generator_000228,testpassword
tool_generator_000229,testpassword
tool_generator_000230,testpassword
tool_generator_000231,testpassword
tool_generator_000232,testpassword
tool_generator_000233,testpassword
tool_generator_000234,testpassword
tool_generator_000235,testpassword
tool_generator_000236,testpassword
tool_generator_000237,testpassword
tool_generator_000238,testpassword
tool_generator_000239,testpassword
tool_generator_000240,testpassword
tool_generator_000241,testpassword
tool_generator_000242,testpassword
tool_generator_000243,testpassword
tool_generator_000244,testpassword
tool_generator_000245,testpassword
tool_generator_000246,testpassword
tool_generator_000247,testpassword
tool_generator_000248,testpassword
tool_generator_000249,testpassword
tool_generator_000250,testpassword
tool_generator_000251,testpassword
tool_generator_000252,testpassword
tool_generator_000253,testpassword
tool_generator_000254,testpassword
tool_generator_000255,testpassword
tool_generator_000256,testpassword
tool_generator_000257,testpassword
tool_generator_000258,testpassword
tool_generator_000259,testpassword
tool_generator_000260,testpassword
tool_generator_000261,testpassword
tool_generator_000262,testpassword
tool_generator_000263,testpassword
tool_generator_000264,testpassword
tool_generator_000265,testpassword
tool_generator_000266,testpassword
tool_generator_000267,testpassword
tool_generator_000268,testpassword
tool_generator_000269,testpassword
tool_generator_000270,testpassword
tool_generator_000271,testpassword
tool_generator_000272,testpassword
tool_generator_000273,testpassword
tool_generator_000274,testpassword
tool_generator_000275,testpassword
tool_generator_000276,testpassword
tool_generator_000277,testpassword
tool_generator_000278,testpassword
tool_generator_000279,testpassword
tool_generator_000280,testpassword
tool_generator_000281,testpassword
tool_generator_000282,testpassword
tool_generator_000283,testpassword
tool_generator_000284,testpassword
tool_generator_000285,testpassword
tool_generator_000286,testpassword
tool_generator_000287,testpassword
tool_generator_000288,testpassword
tool_generator_000289,testpassword
tool_generator_000290,testpassword
tool_generator_000291,testpassword
tool_generator_000292,testpassword
tool_generator_000293,testpassword
tool_generator_000294,testpassword
tool_generator_000295,testpassword
tool_generator_000296,testpassword
tool_generator_000297,testpassword
tool_generator_000298,testpassword
tool_generator_000299,testpassword
tool_generator_000300,testpassword
tool_generator_000301,testpassword
tool_generator_000302,testpassword
tool_generator_000303,testpassword
tool_generator_000304,testpassword
tool_generator_000305,testpassword
tool_generator_000306,testpassword
tool_generator_000307,testpassword
tool_generator_000308,testpassword
tool_generator_000309,testpassword
tool_generator_000310,testpassword
tool_generator_000311,testpassword
tool_generator_000312,testpassword
tool_generator_000313,testpassword
tool_generator_000314,testpassword
tool_generator_000315,testpassword
tool_generator_000316,testpassword
tool_generator_000317,testpassword
tool_generator_000318,testpassword
tool_generator_000319,testpassword
tool_generator_000320,testpassword
tool_generator_000321,testpassword
tool_generator_000322,testpassword
tool_generator_000323,testpassword
tool_generator_000324,testpassword
tool_generator_000325,testpassword
tool_generator_000326,testpassword
tool_generator_000327,testpassword
tool_generator_000328,testpassword
tool_generator_000329,testpassword
tool_generator_000330,testpassword
tool_generator_000331,testpassword
tool_generator_000332,testpassword
tool_generator_000333,testpassword
tool_generator_000334,testpassword
tool_generator_000335,testpassword
tool_generator_000336,testpassword
tool_generator_000337,testpassword
tool_generator_000338,testpassword
tool_generator_000339,testpassword
tool_generator_000340,testpassword
tool_generator_000341,testpassword
tool_generator_000342,testpassword
tool_generator_000343,testpassword
tool_generator_000344,testpassword
tool_generator_000345,testpassword
tool_generator_000346,testpassword
tool_generator_000347,testpassword
tool_generator_000348,testpassword
tool_generator_000349,testpassword
tool_generator_000350,testpassword
tool_generator_000351,testpassword
tool_generator_000352,testpassword
tool_generator_000353,testpassword
tool_generator_000354,testpassword
tool_generator_000355,testpassword
tool_generator_000356,testpassword
tool_generator_000357,testpassword
tool_generator_000358,testpassword
tool_generator_000359,testpassword
tool_generator_000360,testpassword
tool_generator_000361,testpassword
tool_generator_000362,testpassword
tool_generator_000363,testpassword
tool_generator_000364,testpassword
tool_generator_000365,testpassword
tool_generator_000366,testpassword
tool_generator_000367,testpassword
tool_generator_000368,testpassword
tool_generator_000369,testpassword
tool_generator_000370,testpassword
tool_generator_000371,testpassword
tool_generator_000372,testpassword
tool_generator_000373,testpassword
tool_generator_000374,testpassword
tool_generator_000375,testpassword
tool_generator_000376,testpassword
tool_generator_000377,testpassword
tool_generator_000378,testpassword
tool_generator_000379,testpassword
tool_generator_000380,testpassword
tool_generator_000381,testpassword
tool_generator_000382,testpassword
tool_generator_000383,testpassword
tool_generator_000384,testpassword
tool_generator_000385,testpassword
tool_generator_000386,testpassword
tool_generator_000387,testpassword
tool_generator_000388,testpassword
tool_generator_000389,testpassword
tool_generator_000390,testpassword
tool_generator_000391,testpassword
tool_generator_000392,testpassword
tool_generator_000393,testpassword
tool_generator_000394,testpassword
tool_generator_000395,testpassword
tool_generator_000396,testpassword
tool_generator_000397,testpassword
tool_generator_000398,testpassword
tool_generator_000399,testpassword
tool_generator_000400,testpassword
tool_generator_000401,testpassword
tool_generator_000402,testpassword
tool_generator_000403,testpassword
tool_generator_000404,testpassword
tool_generator_000405,testpassword
tool_generator_000406,testpassword
tool_generator_000407,testpassword
tool_generator_000408,testpassword
tool_generator_000409,testpassword
tool_generator_000410,testpassword
tool_generator_000411,testpassword
tool_generator_000412,testpassword
tool_generator_000413,testpassword
tool_generator_000414,testpassword
tool_generator_000415,testpassword
tool_generator_000416,testpassword
tool_generator_000417,testpassword
tool_generator_000418,testpassword
tool_generator_000419,testpassword
tool_generator_000420,testpassword
tool_generator_000421,testpassword
tool_generator_000422,testpassword
tool_generator_000423,testpassword
tool_generator_000424,testpassword
tool_generator_000425,testpassword
tool_generator_000426,testpassword
tool_generator_000427,testpassword
tool_generator_000428,testpassword
tool_generator_000429,testpassword
tool_generator_000430,testpassword
tool_generator_000431,testpassword
tool_generator_000432,testpassword
tool_generator_000433,testpassword
tool_generator_000434,testpassword
tool_generator_000435,testpassword
tool_generator_000436,testpassword
tool_generator_000437,testpassword
tool_generator_000438,testpassword
tool_generator_000439,testpassword
tool_generator_000440,testpassword
tool_generator_000441,testpassword
tool_generator_000442,testpassword
tool_generator_000443,testpassword
tool_generator_000444,testpassword
tool_generator_000445,testpassword
tool_generator_000446,testpassword
tool_generator_000447,testpassword
tool_generator_000448,testpassword
tool_generator_000449,testpassword
tool_generator_000450,testpassword
tool_generator_000451,testpassword
tool_generator_000452,testpassword
tool_generator_000453,testpassword
tool_generator_000454,testpassword
tool_generator_000455,testpassword
tool_generator_000456,testpassword
tool_generator_000457,testpassword
tool_generator_000458,testpassword
tool_generator_000459,testpassword
tool_generator_000460,testpassword
tool_generator_000461,testpassword
tool_generator_000462,testpassword
tool_generator_000463,testpassword
tool_generator_000464,testpassword
tool_generator_000465,testpassword
tool_generator_000466,testpassword
tool_generator_000467,testpassword
tool_generator_000468,testpassword
tool_generator_000469,testpassword
tool_generator_000470,testpassword
tool_generator_000471,testpassword
tool_generator_000472,testpassword
tool_generator_000473,testpassword
tool_generator_000474,testpassword
tool_generator_000475,testpassword
tool_generator_000476,testpassword
tool_generator_000477,testpassword
tool_generator_000478,testpassword
tool_generator_000479,testpassword
tool_generator_000480,testpassword
tool_generator_000481,testpassword
tool_generator_000482,testpassword
tool_generator_000483,testpassword
tool_generator_000484,testpassword
tool_generator_000485,testpassword
tool_generator_000486,testpassword
tool_generator_000487,testpassword
tool_generator_000488,testpassword
tool_generator_000489,testpassword
tool_generator_000490,testpassword
tool_generator_000491,testpassword
tool_generator_000492,testpassword
tool_generator_000493,testpassword
tool_generator_000494,testpassword
tool_generator_000495,testpassword
tool_generator_000496,testpassword
tool_generator_000497,testpassword
tool_generator_000498,testpassword
tool_generator_000499,testpassword
tool_generator_000500,testpassword
tool_generator_000501,testpassword
tool_generator_000502,testpassword
tool_generator_000503,testpassword
tool_generator_000504,testpassword
tool_generator_000505,testpassword
tool_generator_000506,testpassword
tool_generator_000507,testpassword
tool_generator_000508,testpassword
tool_generator_000509,testpassword
tool_generator_000510,testpassword
tool_generator_000511,testpassword
tool_generator_000512,testpassword
tool_generator_000513,testpassword
tool_generator_000514,testpassword
tool_generator_000515,testpassword
tool_generator_000516,testpassword
tool_generator_000517,testpassword
tool_generator_000518,testpassword
tool_generator_000519,testpassword
tool_generator_000520,testpassword
tool_generator_000521,testpassword
tool_generator_000522,testpassword
tool_generator_000523,testpassword
tool_generator_000524,testpassword
tool_generator_000525,testpassword
tool_generator_000526,testpassword
tool_generator_000527,testpassword
tool_generator_000528,testpassword
tool_generator_000529,testpassword
tool_generator_000530,testpassword
tool_generator_000531,testpassword
tool_generator_000532,testpassword
tool_generator_000533,testpassword
tool_generator_000534,testpassword
tool_generator_000535,testpassword
tool_generator_000536,testpassword
tool_generator_000537,testpassword
tool_generator_000538,testpassword
tool_generator_000539,testpassword
tool_generator_000540,testpassword
tool_generator_000541,testpassword
tool_generator_000542,testpassword
tool_generator_000543,testpassword
tool_generator_000544,testpassword
tool_generator_000545,testpassword
tool_generator_000546,testpassword
tool_generator_000547,testpassword
tool_generator_000548,testpassword
tool_generator_000549,testpassword
tool_generator_000550,testpassword
tool_generator_000551,testpassword
tool_generator_000552,testpassword
tool_generator_000553,testpassword
tool_generator_000554,testpassword
tool_generator_000555,testpassword
tool_generator_000556,testpassword
tool_generator_000557,testpassword
tool_generator_000558,testpassword
tool_generator_000559,testpassword
tool_generator_000560,testpassword
tool_generator_000561,testpassword
tool_generator_000562,testpassword
tool_generator_000563,testpassword
tool_generator_000564,testpassword
tool_generator_000565,testpassword
tool_generator_000566,testpassword
tool_generator_000567,testpassword
tool_generator_000568,testpassword
tool_generator_000569,testpassword
tool_generator_000570,testpassword
tool_generator_000571,testpassword
tool_generator_000572,testpassword
tool_generator_000573,testpassword
tool_generator_000574,testpassword
tool_generator_000575,testpassword
tool_generator_000576,testpassword
tool_generator_000577,testpassword
tool_generator_000578,testpassword
tool_generator_000579,testpassword
tool_generator_000580,testpassword
tool_generator_000581,testpassword
tool_generator_000582,testpassword
tool_generator_000583,testpassword
tool_generator_000584,testpassword
tool_generator_000585,testpassword
tool_generator_000586,testpassword
tool_generator_000587,testpassword
tool_generator_000588,testpassword
tool_generator_000589,testpassword
tool_generator_000590,testpassword
tool_generator_000591,testpassword
tool_generator_000592,testpassword
tool_generator_000593,testpassword
tool_generator_000594,testpassword
tool_generator_000595,testpassword
tool_generator_000596,testpassword
tool_generator_000597,testpassword
tool_generator_000598,testpassword
tool_generator_000599,testpassword
tool_generator_000600,testpassword
tool_generator_000601,testpassword
tool_generator_000602,testpassword
tool_generator_000603,testpassword
tool_generator_000604,testpassword
tool_generator_000605,testpassword
tool_generator_000606,testpassword
tool_generator_000607,testpassword
tool_generator_000608,testpassword
tool_generator_000609,testpassword
tool_generator_000610,testpassword
tool_generator_000611,testpassword
tool_generator_000612,testpassword
tool_generator_000613,testpassword
tool_generator_000614,testpassword
tool_generator_000615,testpassword
tool_generator_000616,testpassword
tool_generator_000617,testpassword
tool_generator_000618,testpassword
tool_generator_000619,testpassword
tool_generator_000620,testpassword
tool_generator_000621,testpassword
tool_generator_000622,testpassword
tool_generator_000623,testpassword
tool_generator_000624,testpassword
tool_generator_000625,testpassword
tool_generator_000626,testpassword
tool_generator_000627,testpassword
tool_generator_000628,testpassword
tool_generator_000629,testpassword
tool_generator_000630,testpassword
tool_generator_000631,testpassword
tool_generator_000632,testpassword
tool_generator_000633,testpassword
tool_generator_000634,testpassword
tool_generator_000635,testpassword
tool_generator_000636,testpassword
tool_generator_000637,testpassword
tool_generator_000638,testpassword
tool_generator_000639,testpassword
tool_generator_000640,testpassword
tool_generator_000641,testpassword
tool_generator_000642,testpassword
tool_generator_000643,testpassword
tool_generator_000644,testpassword
tool_generator_000645,testpassword
tool_generator_000646,testpassword
tool_generator_000647,testpassword
tool_generator_000648,testpassword
tool_generator_000649,testpassword
tool_generator_000650,testpassword
tool_generator_000651,testpassword
tool_generator_000652,testpassword
tool_generator_000653,testpassword
tool_generator_000654,testpassword
tool_generator_000655,testpassword
tool_generator_000656,testpassword
tool_generator_000657,testpassword
tool_generator_000658,testpassword
tool_generator_000659,testpassword
tool_generator_000660,testpassword
tool_generator_000661,testpassword
tool_generator_000662,testpassword
tool_generator_000663,testpassword
tool_generator_000664,testpassword
tool_generator_000665,testpassword
tool_generator_000666,testpassword
tool_generator_000667,testpassword
tool_generator_000668,testpassword
tool_generator_000669,testpassword
tool_generator_000670,testpassword
tool_generator_000671,testpassword
tool_generator_000672,testpassword
tool_generator_000673,testpassword
tool_generator_000674,testpassword
tool_generator_000675,testpassword
tool_generator_000676,testpassword
tool_generator_000677,testpassword
tool_generator_000678,testpassword
tool_generator_000679,testpassword
tool_generator_000680,testpassword
tool_generator_000681,testpassword
tool_generator_000682,testpassword
tool_generator_000683,testpassword
tool_generator_000684,testpassword
tool_generator_000685,testpassword
tool_generator_000686,testpassword
tool_generator_000687,testpassword
tool_generator_000688,testpassword
tool_generator_000689,testpassword
tool_generator_000690,testpassword
tool_generator_000691,testpassword
tool_generator_000692,testpassword
tool_generator_000693,testpassword
tool_generator_000694,testpassword
tool_generator_000695,testpassword
tool_generator_000696,testpassword
tool_generator_000697,testpassword
tool_generator_000698,testpassword
tool_generator_000699,testpassword
tool_generator_000700,testpassword
tool_generator_000701,testpassword
tool_generator_000702,testpassword
tool_generator_000703,testpassword
tool_generator_000704,testpassword
tool_generator_000705,testpassword
tool_generator_000706,testpassword
tool_generator_000707,testpassword
tool_generator_000708,testpassword
tool_generator_000709,testpassword
tool_generator_000710,testpassword
tool_generator_000711,testpassword
tool_generator_000712,testpassword
tool_generator_000713,testpassword
tool_generator_000714,testpassword
tool_generator_000715,testpassword
tool_generator_000716,testpassword
tool_generator_000717,testpassword
tool_generator_000718,testpassword
tool_generator_000719,testpassword
tool_generator_000720,testpassword
tool_generator_000721,testpassword
tool_generator_000722,testpassword
tool_generator_000723,testpassword
tool_generator_000724,testpassword
tool_generator_000725,testpassword
tool_generator_000726,testpassword
tool_generator_000727,testpassword
tool_generator_000728,testpassword
tool_generator_000729,testpassword
tool_generator_000730,testpassword
tool_generator_000731,testpassword
tool_generator_000732,testpassword
tool_generator_000733,testpassword
tool_generator_000734,testpassword
tool_generator_000735,testpassword
tool_generator_000736,testpassword
tool_generator_000737,testpassword
tool_generator_000738,testpassword
tool_generator_000739,testpassword
tool_generator_000740,testpassword
tool_generator_000741,testpassword
tool_generator_000742,testpassword
tool_generator_000743,testpassword
tool_generator_000744,testpassword
tool_generator_000745,testpassword
tool_generator_000746,testpassword
tool_generator_000747,testpassword
tool_generator_000748,testpassword
tool_generator_000749,testpassword
tool_generator_000750,testpassword
tool_generator_000751,testpassword
tool_generator_000752,testpassword
tool_generator_000753,testpassword
tool_generator_000754,testpassword
tool_generator_000755,testpassword
tool_generator_000756,testpassword
tool_generator_000757,testpassword
tool_generator_000758,testpassword
tool_generator_000759,testpassword
tool_generator_000760,testpassword
tool_generator_000761,testpassword
tool_generator_000762,testpassword
tool_generator_000763,testpassword
tool_generator_000764,testpassword
tool_generator_000765,testpassword
tool_generator_000766,testpassword
tool_generator_000767,testpassword
tool_generator_000768,testpassword
tool_generator_000769,testpassword
tool_generator_000770,testpassword
tool_generator_000771,testpassword
tool_generator_000772,testpassword
tool_generator_000773,testpassword
tool_generator_000774,testpassword
tool_generator_000775,testpassword
tool_generator_000776,testpassword
tool_generator_000777,testpassword
tool_generator_000778,testpassword
tool_generator_000779,testpassword
tool_generator_000780,testpassword
tool_generator_000781,testpassword
tool_generator_000782,testpassword
tool_generator_000783,testpassword
tool_generator_000784,testpassword
tool_generator_000785,testpassword
tool_generator_000786,testpassword
tool_generator_000787,testpassword
tool_generator_000788,testpassword
tool_generator_000789,testpassword
tool_generator_000790,testpassword
tool_generator_000791,testpassword
tool_generator_000792,testpassword
tool_generator_000793,testpassword
tool_generator_000794,testpassword
tool_generator_000795,testpassword
tool_generator_000796,testpassword
tool_generator_000797,testpassword
tool_generator_000798,testpassword
tool_generator_000799,testpassword
tool_generator_000800,testpassword
tool_generator_000801,testpassword
tool_generator_000802,testpassword
tool_generator_000803,testpassword
tool_generator_000804,testpassword
tool_generator_000805,testpassword
tool_generator_000806,testpassword
tool_generator_000807,testpassword
tool_generator_000808,testpassword
tool_generator_000809,testpassword
tool_generator_000810,testpassword
tool_generator_000811,testpassword
tool_generator_000812,testpassword
tool_generator_000813,testpassword
tool_generator_000814,testpassword
tool_generator_000815,testpassword
tool_generator_000816,testpassword
tool_generator_000817,testpassword
tool_generator_000818,testpassword
tool_generator_000819,testpassword
tool_generator_000820,testpassword
tool_generator_000821,testpassword
tool_generator_000822,testpassword
tool_generator_000823,testpassword
tool_generator_000824,testpassword
tool_generator_000825,testpassword
tool_generator_000826,testpassword
tool_generator_000827,testpassword
tool_generator_000828,testpassword
tool_generator_000829,testpassword
tool_generator_000830,testpassword
tool_generator_000831,testpassword
tool_generator_000832,testpassword
tool_generator_000833,testpassword
tool_generator_000834,testpassword
tool_generator_000835,testpassword
tool_generator_000836,testpassword
tool_generator_000837,testpassword
tool_generator_000838,testpassword
tool_generator_000839,testpassword
tool_generator_000840,testpassword
tool_generator_000841,testpassword
tool_generator_000842,testpassword
tool_generator_000843,testpassword
tool_generator_000844,testpassword
tool_generator_000845,testpassword
tool_generator_000846,testpassword
tool_generator_000847,testpassword
tool_generator_000848,testpassword
tool_generator_000849,testpassword
tool_generator_000850,testpassword
tool_generator_000851,testpassword
tool_generator_000852,testpassword
tool_generator_000853,testpassword
tool_generator_000854,testpassword
tool_generator_000855,testpassword
tool_generator_000856,testpassword
tool_generator_000857,testpassword
tool_generator_000858,testpassword
tool_generator_000859,testpassword
tool_generator_000860,testpassword
tool_generator_000861,testpassword
tool_generator_000862,testpassword
tool_generator_000863,testpassword
tool_generator_000864,testpassword
tool_generator_000865,testpassword
tool_generator_000866,testpassword
tool_generator_000867,testpassword
tool_generator_000868,testpassword
tool_generator_000869,testpassword
tool_generator_000870,testpassword
tool_generator_000871,testpassword
tool_generator_000872,testpassword
tool_generator_000873,testpassword
tool_generator_000874,testpassword
tool_generator_000875,testpassword
tool_generator_000876,testpassword
tool_generator_000877,testpassword
tool_generator_000878,testpassword
tool_generator_000879,testpassword
tool_generator_000880,testpassword
tool_generator_000881,testpassword
tool_generator_000882,testpassword
tool_generator_000883,testpassword
tool_generator_000884,testpassword
tool_generator_000885,testpassword
tool_generator_000886,testpassword
tool_generator_000887,testpassword
tool_generator_000888,testpassword
tool_generator_000889,testpassword
tool_generator_000890,testpassword
tool_generator_000891,testpassword
tool_generator_000892,testpassword
tool_generator_000893,testpassword
tool_generator_000894,testpassword
tool_generator_000895,testpassword
tool_generator_000896,testpassword
tool_generator_000897,testpassword
tool_generator_000898,testpassword
tool_generator_000899,testpassword
tool_generator_000900,testpassword
tool_generator_000901,testpassword
tool_generator_000902,testpassword
tool_generator_000903,testpassword
tool_generator_000904,testpassword
tool_generator_000905,testpassword
tool_generator_000906,testpassword
tool_generator_000907,testpassword
tool_generator_000908,testpassword
tool_generator_000909,testpassword
tool_generator_000910,testpassword
tool_generator_000911,testpassword
tool_generator_000912,testpassword
tool_generator_000913,testpassword
tool_generator_000914,testpassword
tool_generator_000915,testpassword
tool_generator_000916,testpassword
tool_generator_000917,testpassword
tool_generator_000918,testpassword
tool_generator_000919,testpassword
tool_generator_000920,testpassword
tool_generator_000921,testpassword
tool_generator_000922,testpassword
tool_generator_000923,testpassword
tool_generator_000924,testpassword
tool_generator_000925,testpassword
tool_generator_000926,testpassword
tool_generator_000927,testpassword
tool_generator_000928,testpassword
tool_generator_000929,testpassword
tool_generator_000930,testpassword
tool_generator_000931,testpassword
tool_generator_000932,testpassword
tool_generator_000933,testpassword
tool_generator_000934,testpassword
tool_generator_000935,testpassword
tool_generator_000936,testpassword
tool_generator_000937,testpassword
tool_generator_000938,testpassword
tool_generator_000939,testpassword
tool_generator_000940,testpassword
tool_generator_000941,testpassword
tool_generator_000942,testpassword
tool_generator_000943,testpassword
tool_generator_000944,testpassword
tool_generator_000945,testpassword
tool_generator_000946,testpassword
tool_generator_000947,testpassword
tool_generator_000948,testpassword
tool_generator_000949,testpassword
tool_generator_000950,testpassword
tool_generator_000951,testpassword
tool_generator_000952,testpassword
tool_generator_000953,testpassword
tool_generator_000954,testpassword
tool_generator_000955,testpassword
tool_generator_000956,testpassword
tool_generator_000957,testpassword
tool_generator_000958,testpassword
tool_generator_000959,testpassword
tool_generator_000960,testpassword
tool_generator_000961,testpassword
tool_generator_000962,testpassword
tool_generator_000963,testpassword
tool_generator_000964,testpassword
tool_generator_000965,testpassword
tool_generator_000966,testpassword
tool_generator_000967,testpassword
tool_generator_000968,testpassword
tool_generator_000969,testpassword
tool_generator_000970,testpassword
tool_generator_000971,testpassword
tool_generator_000972,testpassword
tool_generator_000973,testpassword
tool_generator_000974,testpassword
tool_generator_000975,testpassword
tool_generator_000976,testpassword
tool_generator_000977,testpassword
tool_generator_000978,testpassword
tool_generator_000979,testpassword
tool_generator_000980,testpassword
tool_generator_000981,testpassword
tool_generator_000982,testpassword
tool_generator_000983,testpassword
tool_generator_000984,testpassword
tool_generator_000985,testpassword
tool_generator_000986,testpassword
tool_generator_000987,testpassword
tool_generator_000988,testpassword
tool_generator_000989,testpassword
tool_generator_000990,testpassword
tool_generator_000991,testpassword
tool_generator_000992,testpassword
tool_generator_000993,testpassword
tool_generator_000994,testpassword
tool_generator_000995,testpassword
tool_generator_000996,testpassword
tool_generator_000997,testpassword
tool_generator_000998,testpassword
tool_generator_000999,testpassword
tool_generator_001000,testpassword